Episode,AvgReward,AvgSteps
0,-195.83333333333334,96.83333333333333
1,-298.6666666666667,199.66666666666666
2,-172.66666666666666,107
3,-201.33333333333334,102.33333333333333
4,-281.6666666666667,182.66666666666666
5,-219,120
6,-185,119.33333333333333
7,-180,81
8,-268.8333333333333,169.83333333333334
9,-197,98
10,-140.33333333333334,74.66666666666667
11,-175.5,109.83333333333333
12,-168.33333333333334,102.66666666666667
13,-209.16666666666666,110.16666666666667
14,-224.83333333333334,125.83333333333333
15,-199.16666666666666,100.16666666666667
16,-219.83333333333334,120.83333333333333
17,-210.66666666666666,111.66666666666667
18,-131.83333333333334,99.5
19,-258.8333333333333,209.66666666666666
20,-180.33333333333334,81.33333333333333
21,-189.83333333333334,90.83333333333333
22,-124.5,92.16666666666667
23,-206.66666666666666,107.66666666666667
24,-181.5,115.83333333333333
25,-214.5,115.5
26,-176,143.66666666666666
27,-166.83333333333334,67.83333333333333
28,-189.66666666666666,90.66666666666667
29,-134.66666666666666,102.33333333333333
30,-188.66666666666666,123
31,-136,70.33333333333333
32,-250.16666666666666,151.16666666666666
33,-185.66666666666666,86.66666666666667
34,-134.66666666666666,69
35,-211.33333333333334,145.66666666666666
36,-182.16666666666666,83.16666666666667
37,-232.66666666666666,133.66666666666666
38,-188.5,89.5
39,-133.83333333333334,101.5
40,-126,93.66666666666667
41,-251.66666666666666,152.66666666666666
42,-165,99.33333333333333
43,-224.83333333333334,125.83333333333333
44,-240.33333333333334,157.83333333333334
45,-75,76
46,-178.5,79.5
47,-165.5,66.5
48,-136.33333333333334,70.66666666666667
49,-115.16666666666667,82.83333333333333
50,-225.16666666666666,126.16666666666667
51,-118,52.333333333333336
52,-138.16666666666666,105.83333333333333
53,-169.16666666666666,70.16666666666667
54,-162.33333333333334,96.66666666666667
55,-195.33333333333334,96.33333333333333
56,-117.83333333333333,52.166666666666664
57,-165,66
58,-132.83333333333334,67.16666666666667
59,-219.5,120.5
60,-160.83333333333334,95.16666666666667
61,-145.83333333333334,46.833333333333336
62,-145.16666666666666,79.5
63,-223.16666666666666,124.16666666666667
64,-221.83333333333334,122.83333333333333
65,-117.83333333333333,52.166666666666664
66,-151.66666666666666,52.666666666666664
67,-160.5,61.5
68,-135.16666666666666,102.83333333333333
69,-222.16666666666666,123.16666666666667
70,-162.33333333333334,96.66666666666667
71,-125.33333333333333,26.333333333333332
72,-150.66666666666666,51.666666666666664
73,-150.33333333333334,84.66666666666667
74,-138.5,72.83333333333333
75,-129.66666666666666,64
76,-109.83333333333333,110.83333333333333
77,-149,50
78,-61.166666666666664,62.166666666666664
79,-82.83333333333333,50.5
80,-113,80.66666666666667
81,-170.5,104.83333333333333
82,-164.66666666666666,65.66666666666667
83,-143.83333333333334,78.16666666666667
84,-116.83333333333333,51.166666666666664
85,-105,106
86,-154,88.33333333333333
87,-142.16666666666666,76.5
88,-158.33333333333334,59.333333333333336
89,-132.16666666666666,66.5
90,-114,81.66666666666667
91,-139.83333333333334,74.16666666666667
92,-161.83333333333334,96.16666666666667
93,-132.33333333333334,66.66666666666667
94,-150,84.33333333333333
95,-65.33333333333333,66.33333333333333
96,-113.33333333333333,47.666666666666664
97,-125,59.333333333333336
98,-130,97.66666666666667
99,-124.66666666666667,92.33333333333333
100,-159,60
101,-100.33333333333333,68
102,-153.16666666666666,87.5
103,-128.33333333333334,62.666666666666664
104,-186.83333333333334,87.83333333333333
105,-94,61.666666666666664
106,-66.16666666666667,67.16666666666667
107,-87.16666666666667,54.833333333333336
108,-110,44.333333333333336
109,-196.83333333333334,97.83333333333333
110,-98.5,66.16666666666667
111,-117.33333333333333,51.666666666666664
112,-113.66666666666667,48
113,-139,106.66666666666667
114,-133.66666666666666,68
115,-119.33333333333333,87
116,-96.5,64.16666666666667
117,-147.83333333333334,48.833333333333336
118,-68,69
119,-127.5,61.833333333333336
120,-119,53.333333333333336
121,-134,68.33333333333333
122,-56.666666666666664,57.666666666666664
123,-152.33333333333334,53.333333333333336
124,-156.33333333333334,57.333333333333336
125,-105.33333333333333,73
126,-36.833333333333336,71.16666666666667
127,-70.5,38.166666666666664
128,-93.5,61.166666666666664
129,-111,45.333333333333336
130,-93.5,61.166666666666664
131,-86.16666666666667,53.833333333333336
132,-98.5,66.16666666666667
133,-120.66666666666667,55
134,-166.83333333333334,67.83333333333333
135,-49.333333333333336,50.333333333333336
136,-97.83333333333333,32.166666666666664
137,-112.16666666666667,113.16666666666667
138,-86.16666666666667,53.833333333333336
139,-34.166666666666664,68.5
140,-161.5,95.83333333333333
141,-36.333333333333336,70.66666666666667
142,-34.666666666666664,69
143,-90.66666666666667,58.333333333333336
144,-22.166666666666668,56.5
145,-59.166666666666664,60.166666666666664
146,-107.5,41.833333333333336
147,-41.833333333333336,42.833333333333336
148,-47.666666666666664,48.666666666666664
149,-128.16666666666666,62.5
150,4.333333333333333,63.333333333333336
151,-114.16666666666667,48.5
152,-129.83333333333334,30.833333333333332
153,-98.33333333333333,66
154,-18.333333333333332,52.666666666666664
155,-155,56
156,-87.33333333333333,55
157,-19,53.333333333333336
158,-83,50.666666666666664
159,-22.333333333333332,56.666666666666664
160,-57.5,58.5
161,-75,42.666666666666664
162,-75.5,43.166666666666664
163,-80.33333333333333,81.33333333333333
164,-44.333333333333336,45.333333333333336
165,-101.5,35.833333333333336
166,-89.83333333333333,57.5
167,-101.5,35.833333333333336
168,6.333333333333333,61.333333333333336
169,-43,77.33333333333333
170,-81,48.666666666666664
171,-76.16666666666667,43.833333333333336
172,-30.333333333333332,31.333333333333332
173,-21.333333333333332,55.666666666666664
174,-97.16666666666667,31.5
175,-45.333333333333336,46.333333333333336
176,-43.166666666666664,44.166666666666664
177,-100.66666666666667,35
178,-103.5,37.833333333333336
179,-117.33333333333333,85
180,-47,48
181,-6.833333333333333,41.166666666666664
182,-73.83333333333333,41.5
183,-39.5,40.5
184,-14.166666666666666,48.5
185,-77,44.666666666666664
186,-59,26.666666666666668
187,-35.666666666666664,36.666666666666664
188,-30,31
189,-35.333333333333336,36.333333333333336
190,3.6666666666666665,64
191,-60.166666666666664,61.166666666666664
192,-38.166666666666664,39.166666666666664
193,16.333333333333332,51.333333333333336
194,-35.833333333333336,36.833333333333336
195,-29.333333333333332,30.333333333333332
196,-115.33333333333333,49.666666666666664
197,-24.333333333333332,58.666666666666664
198,-14.166666666666666,48.5
199,-76.33333333333333,44
200,-54,55
201,-14.666666666666666,49
202,-73.83333333333333,41.5
203,-67.83333333333333,35.5
204,-88.33333333333333,22.666666666666668
205,-31,32
206,-80.83333333333333,48.5
207,27.833333333333332,39.833333333333336
208,-45.333333333333336,46.333333333333336
209,-42.833333333333336,43.833333333333336
210,2.5,31.833333333333332
211,-73.83333333333333,41.5
212,-41.5,42.5
213,-38.666666666666664,39.666666666666664
214,-100.33333333333333,68
215,-119,53.333333333333336
216,49,52
217,-6.166666666666667,40.5
218,14.666666666666666,53
219,45,56
220,-33.833333333333336,34.833333333333336
221,-39.333333333333336,40.333333333333336
222,56.166666666666664,44.833333333333336
223,-4.666666666666667,39
224,20.5,47.166666666666664
225,-7,41.333333333333336
226,24.666666666666668,43
227,-39,40
228,-61.833333333333336,29.5
229,-44.333333333333336,45.333333333333336
230,-35.666666666666664,36.666666666666664
231,-17.833333333333332,52.166666666666664
232,-2.1666666666666665,36.5
233,-6.5,40.833333333333336
234,-4.833333333333333,39.166666666666664
235,-48.666666666666664,49.666666666666664
236,-27,28
237,-46.333333333333336,47.333333333333336
238,-17.333333333333332,51.666666666666664
239,-31.5,65.83333333333333
240,-41.333333333333336,42.333333333333336
241,-79.16666666666667,46.833333333333336
242,16.333333333333332,51.333333333333336
243,-6,40.333333333333336
244,-13.166666666666666,47.5
245,46.5,54.5
246,-21.166666666666668,55.5
247,29.5,38.166666666666664
248,-19.833333333333332,54.166666666666664
249,17.333333333333332,50.333333333333336
250,-35.5,36.5
251,57.333333333333336,43.666666666666664
252,29.666666666666668,38
253,27,40.666666666666664
254,36.166666666666664,31.5
255,8,26.333333333333332
256,-20.166666666666668,21.166666666666668
257,21.666666666666668,46
258,-59.5,27.166666666666668
259,-0.5,34.833333333333336
260,25.833333333333332,41.833333333333336
261,-32.333333333333336,33.333333333333336
262,2.6666666666666665,31.666666666666668
263,-9.666666666666666,44
264,-60.166666666666664,27.833333333333332
265,-51.333333333333336,52.333333333333336
266,37,30.666666666666668
267,7.833333333333333,26.5
268,1.8333333333333333,32.5
269,24.166666666666668,43.5
270,-40,41
271,-16,50.333333333333336
272,30.833333333333332,36.833333333333336
273,67.16666666666667,33.833333333333336
274,4.5,29.833333333333332
275,31.333333333333332,36.333333333333336
276,69.83333333333333,31.166666666666668
277,31.833333333333332,35.833333333333336
278,34.5,33.166666666666664
279,33.5,34.166666666666664
280,8.5,25.833333333333332
281,19.666666666666668,48
282,33.666666666666664,34
283,61,40
284,65.83333333333333,35.166666666666664
285,53.833333333333336,47.166666666666664
286,37.666666666666664,30
287,29,38.666666666666664
288,67.16666666666667,33.833333333333336
289,35.333333333333336,32.333333333333336
290,23.666666666666668,44
291,-12.666666666666666,47
292,65.16666666666667,35.833333333333336
293,26.5,41.166666666666664
294,6.666666666666667,27.666666666666668
295,71.66666666666667,29.333333333333332
296,-33.666666666666664,34.666666666666664
297,67.5,33.5
298,38.166666666666664,29.5
299,66.66666666666667,34.333333333333336
300,65.66666666666667,35.333333333333336
301,5,29.333333333333332
302,39.166666666666664,28.5
303,6.166666666666667,28.166666666666668
304,3.1666666666666665,31.166666666666668
305,63.5,37.5
306,32.833333333333336,34.833333333333336
307,66.33333333333333,34.666666666666664
308,-32.833333333333336,33.833333333333336
309,5.666666666666667,28.666666666666668
310,35.833333333333336,31.833333333333332
311,-31.666666666666668,32.666666666666664
312,69.66666666666667,31.333333333333332
313,67,34
314,69.83333333333333,31.166666666666668
315,28.833333333333332,38.833333333333336
316,39.5,28.166666666666668
317,65.16666666666667,35.833333333333336
318,30.833333333333332,36.833333333333336
319,67.83333333333333,33.166666666666664
320,38.833333333333336,28.833333333333332
321,60.333333333333336,40.666666666666664
322,-23.666666666666668,24.666666666666668
323,72.16666666666667,28.833333333333332
324,72.83333333333333,28.166666666666668
325,2.1666666666666665,32.166666666666664
326,34.166666666666664,33.5
327,39.166666666666664,28.5
328,40.833333333333336,26.833333333333332
329,43.166666666666664,24.5
330,41.333333333333336,26.333333333333332
331,4.666666666666667,29.666666666666668
332,40.666666666666664,27
333,13.333333333333334,21
334,68.16666666666667,32.833333333333336
335,66.16666666666667,34.833333333333336
336,9.166666666666666,25.166666666666668
337,7.166666666666667,27.166666666666668
338,-23.833333333333332,24.833333333333332
339,42,25.666666666666668
340,72.5,28.5
341,72.83333333333333,28.166666666666668
342,70.33333333333333,30.666666666666668
343,42.5,25.166666666666668
344,13.666666666666666,20.666666666666668
345,43,24.666666666666668
346,43.166666666666664,24.5
347,70.16666666666667,30.833333333333332
348,35.333333333333336,32.333333333333336
349,73.33333333333333,27.666666666666668
350,9,25.333333333333332
351,3.8333333333333335,30.5
352,68,33
353,37.5,30.166666666666668
354,42.833333333333336,24.833333333333332
355,13.333333333333334,21
356,72.66666666666667,28.333333333333332
357,37.833333333333336,29.833333333333332
358,72.16666666666667,28.833333333333332
359,41.5,26.166666666666668
360,42.833333333333336,24.833333333333332
361,69.16666666666667,31.833333333333332
362,46,21.666666666666668
363,71.16666666666667,29.833333333333332
364,40.166666666666664,27.5
365,12.166666666666666,22.166666666666668
366,9.5,24.833333333333332
367,8.833333333333334,25.5
368,41,26.666666666666668
369,10.333333333333334,24
370,76.33333333333333,24.666666666666668
371,-15,16
372,40.833333333333336,26.833333333333332
373,71.66666666666667,29.333333333333332
374,3.6666666666666665,30.666666666666668
375,76.5,24.5
376,35.833333333333336,31.833333333333332
377,74.83333333333333,26.166666666666668
378,65.83333333333333,35.166666666666664
379,74,27
380,40.333333333333336,27.333333333333332
381,-21.666666666666668,22.666666666666668
382,73.5,27.5
383,74.16666666666667,26.833333333333332
384,72.66666666666667,28.333333333333332
385,37.5,30.166666666666668
386,77.16666666666667,23.833333333333332
387,78,23
388,12.5,21.833333333333332
389,77.16666666666667,23.833333333333332
390,40.333333333333336,27.333333333333332
391,41,26.666666666666668
392,76.33333333333333,24.666666666666668
393,45.166666666666664,22.5
394,44.666666666666664,23
395,12.666666666666666,21.666666666666668
396,75.33333333333333,25.666666666666668
397,41,26.666666666666668
398,43.5,24.166666666666668
399,75,26
400,40,27.666666666666668
401,78.5,22.5
402,41.666666666666664,26
403,42.333333333333336,25.333333333333332
404,12.666666666666666,21.666666666666668
405,75.83333333333333,25.166666666666668
406,42.333333333333336,25.333333333333332
407,73.33333333333333,27.666666666666668
408,11.5,22.833333333333332
409,76.33333333333333,24.666666666666668
410,76,25
411,76.16666666666667,24.833333333333332
412,78.33333333333333,22.666666666666668
413,6.333333333333333,28
414,73.33333333333333,27.666666666666668
415,75.33333333333333,25.666666666666668
416,43.833333333333336,23.833333333333332
417,78.66666666666667,22.333333333333332
418,12.333333333333334,22
419,77.83333333333333,23.166666666666668
420,44.833333333333336,22.833333333333332
421,77.5,23.5
422,76,25
423,47.666666666666664,20
424,76.33333333333333,24.666666666666668
425,78.33333333333333,22.666666666666668
426,76.16666666666667,24.833333333333332
427,77.66666666666667,23.333333333333332
428,80.66666666666667,20.333333333333332
429,75.5,25.5
430,-16.666666666666668,17.666666666666668
431,-22.5,23.5
432,79.66666666666667,21.333333333333332
433,78.16666666666667,22.833333333333332
434,76.66666666666667,24.333333333333332
435,77.66666666666667,23.333333333333332
436,78.16666666666667,22.833333333333332
437,80.5,20.5
438,80.16666666666667,20.833333333333332
439,78.66666666666667,22.333333333333332
440,78.66666666666667,22.333333333333332
441,79.5,21.5
442,46.5,21.166666666666668
443,-13.666666666666666,14.666666666666666
444,79.33333333333333,21.666666666666668
445,79,22
446,78,23
447,76.83333333333333,24.166666666666668
448,77.33333333333333,23.666666666666668
449,48,19.666666666666668
450,79,22
451,49.166666666666664,18.5
452,80.83333333333333,20.166666666666668
453,78.33333333333333,22.666666666666668
454,79.16666666666667,21.833333333333332
455,17.833333333333332,16.5
456,48.333333333333336,19.333333333333332
457,80.83333333333333,20.166666666666668
458,76.16666666666667,24.833333333333332
459,78.16666666666667,22.833333333333332
460,79.5,21.5
461,79.5,21.5
462,45.166666666666664,22.5
463,80.83333333333333,20.166666666666668
464,48.666666666666664,19
465,48.166666666666664,19.5
466,79.16666666666667,21.833333333333332
467,78.83333333333333,22.166666666666668
468,49.833333333333336,17.833333333333332
469,76.83333333333333,24.166666666666668
470,79.66666666666667,21.333333333333332
471,79.5,21.5
472,47.666666666666664,20
473,40.666666666666664,27
474,46.333333333333336,21.333333333333332
475,47,20.666666666666668
476,81.16666666666667,19.833333333333332
477,81.16666666666667,19.833333333333332
478,80.83333333333333,20.166666666666668
479,78.16666666666667,22.833333333333332
480,78.33333333333333,22.666666666666668
481,79,22
482,79.5,21.5
483,80.33333333333333,20.666666666666668
484,81.33333333333333,19.666666666666668
485,80.83333333333333,20.166666666666668
486,80.83333333333333,20.166666666666668
487,78.16666666666667,22.833333333333332
488,80.83333333333333,20.166666666666668
489,77.33333333333333,23.666666666666668
490,49.5,18.166666666666668
491,80.5,20.5
492,80.83333333333333,20.166666666666668
493,82.33333333333333,18.666666666666668
494,80.66666666666667,20.333333333333332
495,81.83333333333333,19.166666666666668
496,80.16666666666667,20.833333333333332
497,82,19
498,80.66666666666667,20.333333333333332
499,80.83333333333333,20.166666666666668
