Episode,Steps,Reward,Reached
0,145,-244,0
1,446,-545,0
2,136,-235,0
3,58,-157,0
4,485,-584,0
5,283,-382,0
6,500,-500,0
7,186,-285,0
8,124,-223,0
9,167,-266,0
10,51,-150,0
11,80,-179,0
12,156,-255,0
13,220,-319,0
14,13,-112,0
15,63,-162,0
16,127,-26,1
17,76,-175,0
18,68,-167,0
19,54,47,1
20,89,-188,0
21,180,-79,1
22,161,-260,0
23,289,-388,0
24,62,-161,0
25,79,-178,0
26,187,-86,1
27,68,33,1
28,61,-160,0
29,20,-119,0
30,179,-278,0
31,243,-142,1
32,134,-233,0
33,136,-235,0
34,25,-124,0
35,332,-231,1
36,370,-469,0
37,72,-171,0
38,196,-295,0
39,243,-342,0
40,76,-175,0
41,159,-258,0
42,25,-124,0
43,14,-113,0
44,173,-72,1
45,357,-456,0
46,65,-164,0
47,147,-246,0
48,167,-266,0
49,144,-243,0
50,68,-167,0
51,42,-141,0
52,46,55,1
53,93,-192,0
54,63,-162,0
55,93,8,1
56,176,-275,0
57,55,-154,0
58,65,-164,0
59,173,-72,1
60,49,-148,0
61,75,-174,0
62,14,-113,0
63,165,-64,1
64,316,-415,0
65,71,30,1
66,24,-123,0
67,133,-32,1
68,29,-128,0
69,30,-129,0
70,59,-158,0
71,86,15,1
72,51,-150,0
73,213,-112,1
74,89,-188,0
75,121,-20,1
76,35,-134,0
77,39,-138,0
78,110,-9,1
79,38,-137,0
80,30,-129,0
81,158,-257,0
82,262,-361,0
83,61,40,1
84,119,-18,1
85,90,-189,0
86,111,-10,1
87,120,-19,1
88,62,-161,0
89,120,-219,0
90,64,-163,0
91,33,-132,0
92,134,-33,1
93,33,-132,0
94,51,50,1
95,60,-159,0
96,24,-123,0
97,14,-113,0
98,58,-157,0
99,82,19,1
100,62,-161,0
101,64,37,1
102,107,-6,1
103,35,-134,0
104,46,55,1
105,79,22,1
106,70,31,1
107,36,-135,0
108,77,-176,0
109,16,-115,0
110,85,-184,0
111,138,-37,1
112,33,-132,0
113,129,-28,1
114,54,47,1
115,159,-258,0
116,108,-207,0
117,13,-112,0
118,79,22,1
119,92,9,1
120,38,63,1
121,60,41,1
122,174,-73,1
123,132,-231,0
124,76,25,1
125,61,40,1
126,175,-274,0
127,120,-219,0
128,54,47,1
129,158,-57,1
130,17,-116,0
131,59,-158,0
132,71,30,1
133,40,-139,0
134,69,-168,0
135,217,-316,0
136,18,-117,0
137,124,-223,0
138,98,3,1
139,48,53,1
140,46,55,1
141,79,-178,0
142,78,23,1
143,17,-116,0
144,21,-120,0
145,92,9,1
146,80,21,1
147,45,56,1
148,19,-118,0
149,80,-179,0
150,123,-22,1
151,69,32,1
152,54,47,1
153,51,50,1
154,47,-146,0
155,35,-134,0
156,61,40,1
157,34,67,1
158,93,8,1
159,74,-173,0
160,56,-155,0
161,56,45,1
162,85,16,1
163,78,23,1
164,81,-180,0
165,224,-323,0
166,84,17,1
167,189,-88,1
168,34,-133,0
169,35,66,1
170,247,-146,1
171,75,26,1
172,80,-179,0
173,21,-120,0
174,63,38,1
175,63,38,1
176,52,49,1
177,77,24,1
178,62,39,1
179,58,43,1
180,54,-153,0
181,29,72,1
182,53,48,1
183,91,10,1
184,56,45,1
185,55,46,1
186,48,53,1
187,148,-247,0
188,57,44,1
189,56,45,1
190,83,18,1
191,60,41,1
192,64,37,1
193,79,22,1
194,138,-237,0
195,57,44,1
196,144,-43,1
197,51,-150,0
198,61,40,1
199,66,35,1
200,111,-10,1
201,77,24,1
202,61,40,1
203,69,32,1
204,45,-144,0
205,39,62,1
206,39,62,1
207,54,47,1
208,53,48,1
209,97,-196,0
210,47,54,1
211,152,-51,1
212,63,38,1
213,30,71,1
214,44,57,1
215,59,42,1
216,44,57,1
217,35,66,1
218,38,-137,0
219,34,67,1
220,91,-190,0
221,57,-156,0
222,29,72,1
223,37,-136,0
224,36,65,1
225,73,28,1
226,83,18,1
227,35,66,1
228,46,55,1
229,32,69,1
230,27,74,1
231,47,54,1
232,61,40,1
233,36,65,1
234,73,28,1
235,62,39,1
236,49,52,1
237,35,-134,0
238,29,72,1
239,26,75,1
240,57,-156,0
241,25,-124,0
242,31,70,1
243,20,81,1
244,54,-153,0
245,38,-137,0
246,45,56,1
247,40,61,1
248,51,50,1
249,49,52,1
250,58,43,1
251,60,41,1
252,33,68,1
253,87,14,1
254,64,37,1
255,37,64,1
256,71,30,1
257,32,69,1
258,56,-155,0
259,38,63,1
260,61,-160,0
261,46,55,1
262,42,-141,0
263,94,7,1
264,24,-123,0
265,38,63,1
266,50,51,1
267,26,75,1
268,56,45,1
269,27,74,1
270,36,65,1
271,65,-164,0
272,32,69,1
273,59,42,1
274,97,4,1
275,54,47,1
276,34,67,1
277,53,48,1
278,41,60,1
279,28,73,1
280,30,71,1
281,39,62,1
282,220,-119,1
283,42,59,1
284,59,-158,0
285,178,-277,0
286,28,73,1
287,114,-213,0
288,71,30,1
289,43,58,1
290,44,-143,0
291,27,74,1
292,29,72,1
293,22,-121,0
294,27,74,1
295,34,67,1
296,24,77,1
297,35,66,1
298,25,76,1
299,37,64,1
300,23,78,1
301,40,61,1
302,20,81,1
303,26,75,1
304,22,79,1
305,26,75,1
306,35,66,1
307,34,67,1
308,38,63,1
309,30,71,1
310,40,61,1
311,166,-265,0
312,47,54,1
313,26,75,1
314,25,76,1
315,70,31,1
316,24,-123,0
317,30,71,1
318,23,78,1
319,38,63,1
320,35,66,1
321,26,75,1
322,29,72,1
323,103,-2,1
324,21,80,1
325,26,75,1
326,25,76,1
327,29,72,1
328,41,60,1
329,28,73,1
330,19,82,1
331,22,79,1
332,26,75,1
333,23,78,1
334,27,74,1
335,40,61,1
336,24,77,1
337,30,71,1
338,28,73,1
339,25,76,1
340,26,75,1
341,26,75,1
342,28,73,1
343,33,68,1
344,23,78,1
345,57,44,1
346,19,82,1
347,36,65,1
348,29,72,1
349,22,79,1
350,30,71,1
351,35,66,1
352,21,-120,0
353,30,71,1
354,37,64,1
355,31,70,1
356,41,60,1
357,26,75,1
358,35,66,1
359,71,30,1
360,50,51,1
361,31,70,1
362,33,68,1
363,23,78,1
364,29,72,1
365,25,76,1
366,45,56,1
367,25,76,1
368,23,78,1
369,23,-122,0
370,22,79,1
371,22,79,1
372,20,81,1
373,28,73,1
374,22,79,1
375,28,73,1
376,20,81,1
377,18,83,1
378,24,77,1
379,23,78,1
380,22,79,1
381,20,81,1
382,21,80,1
383,21,80,1
384,28,73,1
385,22,79,1
386,30,71,1
387,21,80,1
388,26,75,1
389,27,74,1
390,20,81,1
391,22,79,1
392,38,63,1
393,21,80,1
394,25,76,1
395,20,81,1
396,20,81,1
397,27,74,1
398,21,80,1
399,22,79,1
400,20,81,1
401,22,79,1
402,27,74,1
403,27,74,1
404,19,82,1
405,20,81,1
406,20,81,1
407,22,79,1
408,18,83,1
409,77,24,1
410,19,82,1
411,21,80,1
412,23,78,1
413,30,71,1
414,20,81,1
415,22,79,1
416,22,79,1
417,27,74,1
418,23,78,1
419,20,81,1
420,27,74,1
421,20,81,1
422,22,79,1
423,21,80,1
424,24,77,1
425,24,77,1
426,24,77,1
427,22,79,1
428,21,80,1
429,20,81,1
430,27,74,1
431,23,78,1
432,21,80,1
433,25,76,1
434,21,80,1
435,20,81,1
436,21,80,1
437,18,83,1
438,20,81,1
439,29,72,1
440,19,82,1
441,20,81,1
442,20,81,1
443,18,83,1
444,19,82,1
445,21,80,1
446,20,81,1
447,20,81,1
448,21,80,1
449,19,82,1
450,18,83,1
451,19,82,1
452,18,83,1
453,20,81,1
454,20,81,1
455,33,68,1
456,18,83,1
457,22,79,1
458,21,80,1
459,18,83,1
460,21,80,1
461,26,75,1
462,30,71,1
463,18,83,1
464,25,76,1
465,18,83,1
466,23,78,1
467,24,77,1
468,20,81,1
469,21,80,1
470,20,81,1
471,20,81,1
472,18,83,1
473,18,83,1
474,24,77,1
475,19,82,1
476,18,83,1
477,18,83,1
478,20,81,1
479,26,75,1
480,18,83,1
481,19,82,1
482,20,81,1
483,18,83,1
484,20,81,1
485,18,83,1
486,19,82,1
487,18,83,1
488,18,83,1
489,18,83,1
490,20,81,1
491,19,82,1
492,20,81,1
493,18,83,1
494,18,83,1
495,18,83,1
496,18,83,1
497,18,83,1
498,18,83,1
499,18,83,1
